"canonical_form_id","court_type","form_number","official_title","official_url","version_effective","rule_17_pinpoint","current_catalogue_stage_and_provenance","proposed_shared_field_and_value","can_share_one_question_contract_with_existing_mapping","status","precise_exclusion_or_review_reason"
"edd91020-9fea-4294-a01c-695236c5b3f6","family","Form 17","Conference Notice","https://ontariocourtforms.on.ca/en/family-law-rules-forms/","Version Nov. 1, 2018; effective Jan. 1, 2019","r. 17(4.1) (existing evidence)","conference; source/revision not verified in current queue","","No","review-required","A request/notice posture is not a conference-brief posture. No conference type, scheduling, timing, service, or filing conclusion may be inferred."
"b2b46bcf-97ae-42e4-9d01-4a962ea83a2a","family","Form 17A","Case Conference Brief - General","https://ontariocourtforms.on.ca/en/family-law-rules-forms/","Version Sept. 1, 2023; effective Nov. 27, 2023","r. 17(13)","conference; one clean-view version; existing active mapping uses conferenceBriefType","formApplicability.family.generalConferenceBriefPosture=general-case-conference-brief","No","future candidate only","Official general form, but the existing active mapping declares non-identical broader question metadata. Reconciliation/replacement review is required before any mapping change."
"5310b079-0ede-4b63-8fbc-dbb04319fc66","family","Form 17B","Case conference brief for protection application or status review","https://ontariocourtforms.on.ca/en/family-law-rules-forms/17b-1/","Version March 1, 2018; effective April 30, 2018","r. 17(13)","conference; three clean-view versions; source/revision incomplete in current queue","","No","excluded/review-required","Protection application or status-review context is specialized and must not be inferred or represented by the general contract."
"d2a6b784-5ac5-491e-860c-8b02645d4957","family","Form 17B","Case Conference Brief","https://ontariocourtforms.on.ca/en/family-law-rules-forms/17b-1/","Official page is Version March 1, 2018; effective April 30, 2018","r. 17(13)","conference; two active Form 17B identities conflict","","No","excluded/identity-repair-required","Stored title conflicts with official Form 17B title and duplicates another canonical identity."
"7ef801e0-5296-4019-9e93-ed2853133207","family","Form 17C","Settlement Conference Brief","https://ontariocourtforms.on.ca/en/family-law-rules-forms/17c/","Official catalogue: Version Sept. 1, 2023; effective Nov. 27, 2023","r. 17(13)","conference; one clean-view version; current queue flags ambiguous official identity","","No","excluded/identity-repair-required","Stored title omits the official General qualification and conflicts with a second active Form 17C identity."
"2013f42e-7316-4195-8b9e-4598f94f5403","family","Form 17C","Settlement Conference Brief - General","https://ontariocourtforms.on.ca/en/family-law-rules-forms/17c/","Version Sept. 1, 2023; effective Nov. 27, 2023","r. 17(13)","conference; two clean-view versions; current queue is complex-review-required","formApplicability.family.generalConferenceBriefPosture=general-settlement-conference-brief","No","future candidate only","Exact official general title, but a conflicting active Form 17C identity and the Form 17A question-contract mismatch block a safe shared implementation."
"ebb42456-5262-487b-aa9e-a3e4d766e332","family","Form 17D","Settlement conference brief for protection application or status review","https://ontariocourtforms.on.ca/en/family-law-rules-forms/17d/","Version Sept. 1, 2023; effective Nov. 27, 2023","r. 17(13)","not a usable exact ID in current clean view; earlier raw export showed starting-case","","No","excluded/identity-repair-required","Special protection/status-review context is outside the general contract; current clean catalogue also lacks a usable exact canonical identity and stage is conflicting."
"774340f3-e227-4422-87c8-5ea2ff988d7d","family","Form 17E","Trial Management Conference Brief","https://ontariocourtforms.on.ca/en/family-law-rules-forms/","Version Sept. 1, 2023; effective Nov. 27, 2023","r. 17(13)","conference; two clean-view versions; complex-review-required","","No","excluded/review-required","Trial-management workflow is distinct and not a general case/settlement conference-brief posture."
"daabe088-303b-43ac-8444-c668ebd05230","family","Form 17F","Confirmation of Conference","https://ontariocourtforms.on.ca/en/family-law-rules-forms/","Version Sept. 24, 2024; effective Jan. 22, 2025","r. 17(14) (existing evidence)","conference; two clean-view versions; provenance missing","","No","excluded/review-required","Confirmation is scheduled-event/timing dependent; the contract cannot establish timing, service, or filing readiness."
